-- MySQL Script generated by MySQL Workbench
-- Sun Aug 28 10:28:18 2022
-- Model: New Model    Version: 1.0
-- MySQL Workbench Forward Engineering

SET @OLD_UNIQUE_CHECKS=@@UNIQUE_CHECKS, UNIQUE_CHECKS=0;
SET @OLD_FOREIGN_KEY_CHECKS=@@FOREIGN_KEY_CHECKS, FOREIGN_KEY_CHECKS=0;
SET @OLD_SQL_MODE=@@SQL_MODE, SQL_MODE='ONLY_FULL_GROUP_BY,STRICT_TRANS_TABLES,NO_ZERO_IN_DATE,NO_ZERO_DATE,ERROR_FOR_DIVISION_BY_ZERO,NO_ENGINE_SUBSTITUTION';

-- -----------------------------------------------------
-- Schema music
-- -----------------------------------------------------

-- -----------------------------------------------------
-- Schema music
-- -----------------------------------------------------
CREATE SCHEMA IF NOT EXISTS `music` DEFAULT CHARACTER SET utf8 ;
USE `music` ;

-- -----------------------------------------------------
-- Table `music`.`album`
-- -----------------------------------------------------
CREATE TABLE IF NOT EXISTS `music`.`album` (
  `id` INT NOT NULL comment '아이디',
  `title` VARCHAR(100) NOT NULL,
  `singersong` VARCHAR(100) NOT NULL,
  `img` VARCHAR(100) NULL,
  `delyn` CHAR NOT NULL,
  `reg_user` VARCHAR(45) NULL,
  `reg_date` DATE NULL,
  `up_user` VARCHAR(45) NULL,
  `up_date` DATE NULL,
  PRIMARY KEY (`id`))
ENGINE = InnoDB;


-- -----------------------------------------------------
-- Table `music`.`item`
-- -----------------------------------------------------
CREATE TABLE IF NOT EXISTS `music`.`item` (
  `id` INT NOT NULL AUTO_INCREMENT,
  `categoryid` VARCHAR(45) NOT NULL,
  `title` VARCHAR(45) NOT NULL,
  `viewCount` INT NULL,
  `delyn` CHAR NOT NULL,
  `reg_user` VARCHAR(45) NULL,
  `reg_date` DATE NULL,
  `up_user` VARCHAR(45) NULL,
  `up_date` DATE NULL,
  `albumid` INT NOT NULL,
  PRIMARY KEY (`id`),
  INDEX `fk_item_album_idx` (`albumid` ASC) VISIBLE,
  CONSTRAINT `fk_item_album`
    FOREIGN KEY (`albumid`)
    REFERENCES `music`.`album` (`id`)
    ON DELETE NO ACTION
    ON UPDATE NO ACTION)
ENGINE = InnoDB;


-- -----------------------------------------------------
-- Table `music`.`comcode`
-- -----------------------------------------------------
CREATE TABLE IF NOT EXISTS `music`.`comcode` (
  `parentscd` VARCHAR(45) NOT NULL,
  `groupcd` VARCHAR(45) NOT NULL,
  `code` VARCHAR(45) NOT NULL,
  `value` VARCHAR(45) NOT NULL,
  `orderseq` INT NOT NULL,
  `delyn` CHAR NOT NULL,
  `reg_user` VARCHAR(45) NULL,
  `reg_date` DATE NULL,
  `up_user` VARCHAR(45) NULL,
  `up_date` DATE NULL,
  PRIMARY KEY (`parentscd`, `groupcd`, `code`))
ENGINE = InnoDB;


-- -----------------------------------------------------
-- Table `music`.`member`
-- -----------------------------------------------------
CREATE TABLE IF NOT EXISTS `music`.`member` (
  `id` VARCHAR(45) NOT NULL,
  `psw` VARCHAR(45) NOT NULL,
  `membership` VARCHAR(45) NOT NULL,
  `alies` VARCHAR(45) NOT NULL,
  `delyn` CHAR NOT NULL,
  `reg_user` VARCHAR(45) NULL,
  `reg_date` DATE NULL,
  `up_user` VARCHAR(45) NULL,
  `up_date` DATE NULL,
  `membercol` VARCHAR(45) NULL,
  PRIMARY KEY (`id`))
ENGINE = InnoDB;


-- -----------------------------------------------------
-- Table `music`.`playList`
-- -----------------------------------------------------
CREATE TABLE IF NOT EXISTS `music`.`playList` (
  `id` INT NOT NULL AUTO_INCREMENT,
  `playListcol` VARCHAR(45) NULL,
  `item_id` INT NOT NULL,
  `member_id` VARCHAR(45) NOT NULL,
  `delyn` CHAR NULL,
  `reg_user` VARCHAR(45) NULL,
  `reg_date` DATE NULL,
  `up_user` VARCHAR(45) NULL,
  `up_date` DATE NULL,
  PRIMARY KEY (`id`),
  INDEX `fk_playList_item1_idx` (`item_id` ASC) VISIBLE,
  INDEX `fk_playList_member1_idx` (`member_id` ASC) VISIBLE,
  CONSTRAINT `fk_playList_item1`
    FOREIGN KEY (`item_id`)
    REFERENCES `music`.`item` (`id`)
    ON DELETE NO ACTION
    ON UPDATE NO ACTION,
  CONSTRAINT `fk_playList_member1`
    FOREIGN KEY (`member_id`)
    REFERENCES `music`.`member` (`id`)
    ON DELETE NO ACTION
    ON UPDATE NO ACTION)
ENGINE = InnoDB;


-- -----------------------------------------------------
-- Table `music`.`cart`
-- -----------------------------------------------------
CREATE TABLE IF NOT EXISTS `music`.`cart` (
  `id` INT NOT NULL AUTO_INCREMENT,
  `item_id` INT NOT NULL,
  `member_id` VARCHAR(45) NOT NULL,
  `delyn` CHAR NOT NULL comment '유저가 지우면 Y',
  `create_dt` DATE NULL,
  PRIMARY KEY (`id`),
  INDEX `fk_cart_item1_idx` (`item_id` ASC) VISIBLE,
  INDEX `fk_cart_member1_idx` (`member_id` ASC) VISIBLE,
  CONSTRAINT `fk_cart_item1`
    FOREIGN KEY (`item_id`)
    REFERENCES `music`.`item` (`id`)
    ON DELETE NO ACTION
    ON UPDATE NO ACTION,
  CONSTRAINT `fk_cart_member1`
    FOREIGN KEY (`member_id`)
    REFERENCES `music`.`member` (`id`)
    ON DELETE NO ACTION
    ON UPDATE NO ACTION)
ENGINE = InnoDB;


-- -----------------------------------------------------
-- Table `music`.`orderlist`
-- -----------------------------------------------------
CREATE TABLE IF NOT EXISTS `music`.`orderlist` (
  `id` INT NOT NULL AUTO_INCREMENT,
  `member_id` VARCHAR(45) NOT NULL,
  `delyn` CHAR NULL,
  `reg_user` VARCHAR(45) NULL,
  `reg_date` DATE NULL,
  `up_user` VARCHAR(45) NULL,
  `up_date` DATE NULL,
  `item_id` INT NOT NULL,
  PRIMARY KEY (`id`),
  INDEX `fk_orderlist_member1_idx` (`member_id` ASC) VISIBLE,
  INDEX `fk_orderlist_item1_idx` (`item_id` ASC) VISIBLE,
  CONSTRAINT `fk_orderlist_member1`
    FOREIGN KEY (`member_id`)
    REFERENCES `music`.`member` (`id`)
    ON DELETE NO ACTION
    ON UPDATE NO ACTION,
  CONSTRAINT `fk_orderlist_item1`
    FOREIGN KEY (`item_id`)
    REFERENCES `music`.`item` (`id`)
    ON DELETE NO ACTION
    ON UPDATE NO ACTION)
ENGINE = InnoDB;


SET SQL_MODE=@OLD_SQL_MODE;
SET FOREIGN_KEY_CHECKS=@OLD_FOREIGN_KEY_CHECKS;
SET UNIQUE_CHECKS=@OLD_UNIQUE_CHECKS;

-- 데이터 생성
INSERT INTO music.album VALUES (1,'조각집','아이유','/resources/image/조각집.jpg','N','admin','2021-12-29',NULL,NULL),(2,'사랑인가봐','멜로망스','/resources/image/사랑인가봐.jpg','N','admin','2022-02-18',NULL,NULL),(3,'열이올라요','선미','/resources/image/열이올라요.jpg','N','admin','2022-06-29',NULL,NULL),(4,'THE WORLD EP.1 : MOVEMENT','ATEEZ (에이티즈)','/resources/image/MOVEMENT.jpg','N','admin','2022-07-29',NULL,NULL),(5,'너의 잠을 채워줄게','폴킴','/resources/image/너의 잠을 채워줄게.jpeg','N','admin','2022-07-28',NULL,NULL),(6,'환승연애2 OST Part 1','강승식 (빅톤)','/resources/image/환승연애2 OST Part 1.jpeg','N','admin','2022-07-29',NULL,NULL),(7,'My Star','UNDERHILLS (언더힐즈)','/resources/image/My Star.jpeg','N','admin','2022-07-29',NULL,NULL),(8,'2022 월간 윤종신 7월호','윤종신','/resources/image/2022 월간 윤종신 7월호.jpeg','N','admin','2022-07-28',NULL,NULL),(9,'이브닝','유주 (YUJU)','/resources/image/이브닝.jpeg','N','admin','2022-07-28',NULL,NULL),(10,'Grown Ass Kid','지코 (ZICO)','/resources/image/Grown Ass Kid.jpg','N','admin','2022-07-27',NULL,NULL),(11,'You\'re not alone','빨간의자','/resources/image/You\'re not alone.jpeg','N','admin','2022-07-28',NULL,NULL),(12,'사랑은 창밖에 빗물 같아요','앤씨아','/resources/image/사랑은 창밖에 빗물 같아요.jpg','N','admin','2022-07-28',NULL,NULL),(13,'YOU.F.O','니콜','/resources/image/YOU.F.O.jpeg','N','admin','2022-07-27',NULL,NULL),(14,'Cookie','그_냥, 민서 (MINSEO)','/resources/image/Cookie.jpeg','N','admin','2022-07-27',NULL,NULL),(15,'부서진 조각','면지','/resources/image/부서진 조각.jpg','N','admin','2022-07-28',NULL,NULL),(16,'Hello 여름','런치송 프로젝트','/resources/image/Hello 여름.jpeg','N','admin','2022-07-27',NULL,NULL),(17,'Summer Dream','서교동의 밤','/resources/image/Summer Dream.jpeg','N','admin','2022-07-27',NULL,NULL),(18,'THIS MOMENT','JEMINN','/resources/image/THIS MOMENT.jpeg','N','admin','2022-07-27',NULL,NULL),(19,'[Genuine]','선예','/resources/image/[Genuine].jpg','N','admin','2022-07-26',NULL,NULL),(20,'W SERIES ‘2TAN’(we ver)','TAN','/resources/image/W SERIES ‘2TAN’(we ver).jpeg','N','admin','2022-07-26',NULL,NULL),(21,'Linked Up','최은서','/resources/image/Linked Up.jpeg','N','admin','2022-07-27',NULL,NULL),(22,'Geekyland','퍼플키스 (PURPLE KISS)','/resources/image/Geekyland.jpeg','N','admin','2022-07-25',NULL,NULL),(23,'WE (Oui)','OuiOui (위위)','/resources/image/WE (Oui).jpeg','N','admin','2022-07-25',NULL,NULL),(24,'Somebody','로꼬, 화사 (Hwa Sa)','/resources/image/Somebody.jpeg','N','admin','2022-07-25',NULL,NULL),(25,'SPORTS','태인 (TAIN)','/resources/image/SPORTS.jpeg','N','admin','2022-07-26',NULL,NULL),(26,'City of Star','Taebeen','/resources/image/City of Star.jpeg','N','admin','2022-07-26',NULL,NULL),(27,'age tape 7','Arden Jones','/resources/image/age tape 7.jpg','N','admin','2022-08-04',NULL,NULL),(28,'BGM Jazz Library_277','Do & Be Sound','/resources/image/BGM Jazz Library_277.jpg','N','admin','2022-08-12',NULL,NULL),(29,'CRUSH','Zachary Knowles','/resources/image/CRUSH.jpg','N','admin','2022-08-05',NULL,NULL),(30,'4th Mini Album ?=3 GENEZIS3','다비 (DAVII)','/resources/image/GENEZIS3.jpg','N','admin','2022-08-03',NULL,NULL),(31,'Il Mondo','유채훈','/resources/image/Il Mondo.jpeg','N','admin','2022-07-23',NULL,NULL),(32,'Modern Cello','홍진호','/resources/image/Modern Cello.jpeg','N','admin','2022-07-28',NULL,NULL),(33,'Moments of Acoustic Jazz Guitar, KineMaster Music Collection','김홍석','/resources/image/Moments of Acoustic Jazz Guitar, KineMaster Music Collection.jpg','N','admin','2022-08-12',NULL,NULL),(34,'Some Sounds of Love - EP','LeToon','/resources/image/Some Sounds of Love - EP.jpg','N','admin','2022-07-26',NULL,NULL),(35,'Unwanted','Pale Waves','/resources/image/Unwanted.jpg','N','admin','2022-08-12',NULL,NULL),(36,'구해줘 (I Need The Light)','ENHYPEN','/resources/image/구해줘.jpeg','N','admin','2022-08-12',NULL,NULL),(37,'미남당 OST Part.6','서인국','/resources/image/미남당 OST Part.6.jpeg','N','admin','2022-08-09',NULL,NULL),(38,'이상한 변호사 우영우 OST Part.6','박은빈','/resources/image/이상한 변호사 우영우 OST Part.6.jpeg','N','admin','2022-08-11',NULL,NULL),(39,'조선 정신과 의사 유세풍 OST Part.2','안녕하신가영','/resources/image/조선 정신과 의사 유세풍 OST Part.2.jpeg','N','admin','2022-08-09',NULL,NULL);
INSERT INTO music.item (categoryid,title,delyn,reg_user,reg_date,up_user,up_date,albumid,viewCount) VALUES
	 ('007','드라마','N','admin','2021-12-29',NULL,NULL,1,11),
	 ('007','정거장','N','admin','2021-12-29',NULL,NULL,1,2),
	 ('007','겨울잠','N','admin','2021-12-29',NULL,NULL,1,263),
	 ('007','너','N','admin','2021-12-29',NULL,NULL,1,16),
	 ('007','러브레터','N','admin','2021-12-29',NULL,NULL,1,1),
	 ('007','사랑인가봐','N','admin','2022-02-18',NULL,NULL,2,1),
	 ('008','열이올라요','N','admin','2022-06-29',NULL,NULL,3,NULL),
	 ('008','풋사랑','N','admin','2022-06-29',NULL,NULL,3,NULL),
	 ('008','PROPAGANDA','N','admin','2022-07-29',NULL,NULL,4,NULL),
	 ('008','Sector 1','N','admin','2022-07-29',NULL,NULL,4,NULL);
INSERT INTO music.item (categoryid,title,delyn,reg_user,reg_date,up_user,up_date,albumid,viewCount) VALUES
	 ('008','Cyberpunk','N','admin','2022-07-29',NULL,NULL,4,NULL),
	 ('008','Guerrilla','N','admin','2022-07-29',NULL,NULL,4,NULL),
	 ('007','너의 잠을 채워줄게','N','admin','2022-07-28',NULL,NULL,5,NULL),
	 ('001','WHAT IF','N','admin','2022-07-29',NULL,NULL,6,NULL),
	 ('001','My Star','N','admin','2022-07-29',NULL,NULL,7,NULL),
	 ('007','Summer Drink (With kingo hamada)','N','admin','2022-07-28',NULL,NULL,8,NULL),
	 ('009','이브닝 (Feat. BIG Naughty)','N','admin','2022-07-28',NULL,NULL,9,NULL),
	 ('009','괴짜','N','admin','2022-07-27',NULL,NULL,10,NULL),
	 ('008','SEOUL DRIFT','N','admin','2022-07-27',NULL,NULL,10,NULL),
	 ('009','Trash Talk (Feat. CHANGMO)','N','admin','2022-07-27',NULL,NULL,10,NULL);
INSERT INTO music.item (categoryid,title,delyn,reg_user,reg_date,up_user,up_date,albumid,viewCount) VALUES
	 ('001','구해줘 (I Need The Light)','N','admin','2022-08-12',NULL,NULL,30,17),
	 ('001','제주도의 푸른밤','N','admin','2022-08-11',NULL,NULL,31,NULL),
	 ('001','너를 좋아해','N','admin','2022-08-09',NULL,NULL,32,NULL),
	 ('001','그댈 많이 좋아하는가 봐요','N','admin','2022-08-09',NULL,NULL,33,NULL),
	 ('002','Il Mondo','N','admin','2022-07-23',NULL,NULL,34,NULL),
	 ('002','Wave','N','admin','2022-07-28',NULL,NULL,35,NULL),
	 ('002','꽃핀다','N','admin','2022-07-28',NULL,NULL,35,NULL),
	 ('002','그때는 우리가 (feat. 선우정아)','N','admin','2022-07-28',NULL,NULL,35,NULL),
	 ('002','Undan Hulu','N','admin','2022-07-28',NULL,NULL,35,NULL),
	 ('002','꽃이 진다','N','admin','2022-07-28',NULL,NULL,35,NULL);
INSERT INTO music.item (categoryid,title,delyn,reg_user,reg_date,up_user,up_date,albumid,viewCount) VALUES
	 ('003','바라기','N','admin','2022-08-12',NULL,NULL,36,1),
	 ('003','밀돌','N','admin','2022-08-12',NULL,NULL,36,NULL),
	 ('003','거저먹다','N','admin','2022-08-12',NULL,NULL,36,NULL),
	 ('003','어귀','N','admin','2022-08-12',NULL,NULL,36,2),
	 ('003','Flying (Feat. BIG Naughty)','N','admin','2022-08-03',NULL,NULL,37,NULL),
	 ('006','DAVII''S ROOM (Feat. 오왼 (Owen))','N','admin','2022-08-03',NULL,NULL,37,NULL),
	 ('006','Who am I','N','admin','2022-08-03',NULL,NULL,37,NULL),
	 ('006','I (Feat. Holland)','N','admin','2022-08-03',NULL,NULL,37,NULL),
	 ('009','이기주의 (Feat. Q the Trumpet)','N','admin','2022-08-03',NULL,NULL,37,NULL),
	 ('009','그놈의 돈 (Feat. 장지수)','N','admin','2022-08-03',NULL,NULL,37,NULL);
INSERT INTO music.item (categoryid,title,delyn,reg_user,reg_date,up_user,up_date,albumid,viewCount) VALUES
	 ('004','CRUSH','N','admin','2022-08-05',NULL,NULL,38,NULL),
	 ('004','CIGARETTES','N','admin','2022-08-05',NULL,NULL,38,NULL),
	 ('004','starstruck','N','admin','2022-08-04',NULL,NULL,39,NULL),
	 ('004','slow it down (u ain’t gotta move like that)','N','admin','2022-08-04',NULL,NULL,39,NULL),
	 ('005','Lies','N','admin','2022-08-12',NULL,NULL,40,NULL),
	 ('005','Unwanted','N','admin','2022-08-12',NULL,NULL,40,NULL),
	 ('005','The Hard Way','N','admin','2022-08-12',NULL,NULL,40,NULL),
	 ('005','Jealousy','N','admin','2022-08-12',NULL,NULL,40,NULL),
	 ('005','Alone','N','admin','2022-08-12',NULL,NULL,40,NULL),
	 ('005','In Love With a Ghost','N','admin','2022-07-26',NULL,NULL,41,NULL);
INSERT INTO music.item (categoryid,title,delyn,reg_user,reg_date,up_user,up_date,albumid,viewCount) VALUES
	 ('005','Fresh Night','N','admin','2022-07-26',NULL,NULL,41,NULL),
	 ('005','Talk','N','admin','2022-07-26',NULL,NULL,41,NULL),
	 ('005','Fall Again','N','admin','2022-07-26',NULL,NULL,41,NULL),
	 ('008','123456','N','admin','2020-02-20',NULL,NULL,1,NULL),
	 ('008','123456','N','admin','2020-02-20',NULL,NULL,1,NULL),
	 ('008','123456','N','admin','2020-02-20',NULL,NULL,1,NULL),
	 ('008','123456','N','admin','2020-02-20',NULL,NULL,1,NULL),
	 ('008','123456','N','admin','2020-02-20',NULL,NULL,1,NULL),
	 ('009','test','N','admin','2020-02-20',NULL,NULL,1,NULL),
	 ('009','test2','N','admin','2020-02-20',NULL,NULL,1,NULL);
INSERT INTO music.item (categoryid,title,delyn,reg_user,reg_date,up_user,up_date,albumid,viewCount) VALUES
	 ('009','test3','N','admin','2021-12-29',NULL,NULL,1,NULL),
	 ('009','test3','N','admin','2021-12-29',NULL,NULL,1,NULL),
	 ('009','test3','N','admin','2021-12-29',NULL,NULL,1,NULL),
	 ('009','test3','N','admin','2021-12-29',NULL,NULL,1,NULL),
	 ('009','test3','N','admin','2021-12-29',NULL,NULL,1,NULL),
	 ('009','test3','N','admin','2021-12-29',NULL,NULL,1,NULL),
	 ('009','1:42','N','admin','2021-12-29',NULL,NULL,1,NULL),
	 ('008','test4','N','admin','2021-12-29',NULL,NULL,1,NULL),
	 ('008','test4','N','admin','2021-12-29',NULL,NULL,1,NULL),
	 ('009','test5','N','admin','2021-12-29',NULL,NULL,1,NULL);
INSERT INTO music.item (categoryid,title,delyn,reg_user,reg_date,up_user,up_date,albumid,viewCount) VALUES
	 ('009','test6','N','admin','2021-12-29',NULL,NULL,1,NULL),
	 ('008','test6','N','admin','2021-12-29',NULL,NULL,1,NULL);

INSERT INTO music.comcode (parentscd,groupcd,code,value,orderseq ,delyn,reg_user,reg_date,up_user,up_date) VALUES
	 ('001','boardt','001','앨범',1,'N','admin','2022-07-10',NULL,NULL),
	 ('001','boardt','002','Q&A',2,'N','admin','2022-07-10',NULL,NULL),
	 ('002','etc','001','OST',1,'N','admin','2022-07-10',NULL,NULL),
	 ('002','etc','002','클래식',2,'N','admin','2022-07-10',NULL,NULL),
	 ('002','etc','003','재즈',3,'N','admin','2022-07-10',NULL,NULL),
	 ('002','foc','004','pop',4,'N','admin','2022-07-10',NULL,NULL),
	 ('002','foc','005','락/메탈',5,'N','admin','2022-07-10',NULL,NULL),
	 ('002','foc','006','R&B/Soul',6,'N','admin','2022-07-10',NULL,NULL),
	 ('002','koc','007','발라드',7,'N','admin','2022-07-10',NULL,NULL),
	 ('002','koc','008','댄스',8,'N','admin','2022-07-10',NULL,NULL),
	 ('002','koc','009','힙팝',9,'N','admin','2022-07-10',NULL,NULL),
	 ('003','member','001','관리자',1,'N','admin','2022-07-10',NULL,NULL),
	 ('003','member','002','일반회원',2,'N','admin','2022-07-10',NULL,NULL),
	 ('003','member','003','유료회원',3,'N','admin','2022-07-10',NULL,NULL),
	 ('003','member','004','탈퇴/휴먼회원',4,'N','admin','2022-07-10',NULL,NULL),
   ('004','auth','001','관리자',1,'N','admin','2022-07-10',NULL,NULL),
   ('004','auth','002','매니저',2,'N','admin','2022-07-10',NULL,NULL),
   ('004','auth','003','유저(유료회원)',3,'N','admin','2022-07-10',NULL,NULL),
   ('004','auth','004','유저(무료회원)',4,'N','admin','2022-07-10',NULL,NULL);

insert into member(id,psw,membership,alies,delyn) 
values('admin@manager.com','1234','001','admin','N'),
('manager@manager.com','1234','002','manager','N');
